datetime,0.0,2.0
2018-11-01 00:00:00,4.350562376717685,0.3233911495242284
2018-11-01 01:00:00,3.2970382040081585,0.04370825181947799
2018-11-01 02:00:00,2.3100584207859214,0.0891379888394158
2018-11-01 03:00:00,2.220455870740121,0.034045876522559665
2018-11-01 04:00:00,6.140590923862903,0.016825427039386692
2018-11-01 05:00:00,11.41572874519784,0.015759192482743004
2018-11-01 06:00:00,32.716211552693125,0.028507932972714298
2018-11-01 07:00:00,55.82965863853255,0.06157629119174424
2018-11-01 08:00:00,42.17130471746639,0.11677387682989675
2018-11-01 09:00:00,30.230748816087548,0.44224147178090445
2018-11-01 10:00:00,27.581802603891408,0.05996718625475392
2018-11-01 11:00:00,36.933327952344904,0.3311354366220751
2018-11-01 12:00:00,42.67503298095035,0.47024346409088724
2018-11-01 13:00:00,42.53765785129083,0.2896595848981653
2018-11-01 14:00:00,46.86337917704879,0.15766521874977246
2018-11-01 15:00:00,58.10221504495112,0.11524170913956575
2018-11-01 16:00:00,83.2765251604949,0.45556579071760106
2018-11-01 17:00:00,84.61688556671442,0.6687578833355747
2018-11-01 18:00:00,57.95267491603474,0.44036715487671185
2018-11-01 19:00:00,43.75866207845945,0.24445472694409656
2018-11-01 20:00:00,31.87769162314531,0.2658201458502602
2018-11-01 21:00:00,22.865857078187968,0.06611857692351342
2018-11-01 22:00:00,16.122864139825978,0.40727902658103754
2018-11-01 23:00:00,11.354786952549015,0.33778387325023684
2018-11-02 00:00:00,12.229282176726816,0.4233960867481338
2018-11-02 01:00:00,8.962015648343758,0.047982423016800446
2018-11-02 02:00:00,7.00320275365768,0.09967018451089377
2018-11-02 03:00:00,6.74853444435788,0.0523705003814611
2018-11-02 04:00:00,9.649015004032854,0.04204998904153748
2018-11-02 05:00:00,14.83729606036263,0.04091322781265008
2018-11-02 06:00:00,33.729918028146294,0.056354470205220455
2018-11-02 07:00:00,56.00415353282308,0.09026724783210681
2018-11-02 08:00:00,51.51884499090593,0.1382752050074762
2018-11-02 09:00:00,39.48960221641398,0.4133827800298775
2018-11-02 10:00:00,32.712691020212816,0.26847818291215997
2018-11-02 11:00:00,38.81055929970876,0.2982158611410647
2018-11-02 12:00:00,39.89844048402725,0.5390058038473952
2018-11-02 13:00:00,44.039760979637066,0.42533041866644605
2018-11-02 14:00:00,46.21399809887056,0.2977781714385801
2018-11-02 15:00:00,53.41298125476686,0.07298197115573296
2018-11-02 16:00:00,79.58571622995805,0.3757036811565435
2018-11-02 17:00:00,86.15065465847904,0.552625994255392
2018-11-02 18:00:00,64.98787073950213,0.31502514797164993
2018-11-02 19:00:00,46.167006206275566,0.17869903711523386
2018-11-02 20:00:00,33.690582826483045,0.20133771456360783
2018-11-02 21:00:00,22.819625194334492,0.03409947634397159
2018-11-02 22:00:00,17.711641003859665,0.3228020556675306
2018-11-02 23:00:00,11.960548037653016,0.4088136476383434
2018-11-03 00:00:00,9.011724875432963,0.24849853564113844
2018-11-03 01:00:00,6.345391678802633,0.0
2018-11-03 02:00:00,5.07508877853744,0.001169342168838905
2018-11-03 03:00:00,2.1201397314110597,0.0
2018-11-03 04:00:00,5.109902817682628,0.0
2018-11-03 05:00:00,9.463931663890733,0.0
2018-11-03 06:00:00,27.642393297971893,0.0
2018-11-03 07:00:00,51.94458057953556,0.0
2018-11-03 08:00:00,46.006063181324386,0.005060113895063639
2018-11-03 09:00:00,34.834077969284806,0.22559598397848848
2018-11-03 10:00:00,26.512789568005477,0.2226188493399176
2018-11-03 11:00:00,30.37907236744897,0.10257274071917218
2018-11-03 12:00:00,33.789704532258455,0.2734458103864705
2018-11-03 13:00:00,36.49291911219896,0.18558771911119154
2018-11-03 14:00:00,42.71173690137913,0.27494894272406833
2018-11-03 15:00:00,50.181561331430764,0.0
2018-11-03 16:00:00,73.48097325230133,0.1908386031796549
2018-11-03 17:00:00,80.66078342365827,0.3634624121212422
2018-11-03 18:00:00,54.286148347784334,0.14868212248709692
2018-11-03 19:00:00,36.67574881332931,0.032000799348650424
2018-11-03 20:00:00,23.59691632431678,0.04145093566820102
2018-11-03 21:00:00,15.324584536222524,0.0
2018-11-03 22:00:00,9.583394813481988,0.140447581132935
2018-11-03 23:00:00,5.7956166397015325,0.3459507765390105
2018-11-04 00:00:00,4.00552369433074,0.12797048337892336
2018-11-04 01:00:00,1.1029774434557016,0.0
2018-11-04 02:00:00,0.0,0.038408778729750605
2018-11-04 03:00:00,0.0,0.010859096186483258
2018-11-04 04:00:00,0.0,0.0
2018-11-04 05:00:00,4.720825599114478,0.0
2018-11-04 06:00:00,20.57077425870204,0.0003702950679888434
2018-11-04 07:00:00,40.42453152562227,0.21111785693941013
2018-11-04 08:00:00,34.38289338076454,0.07391016639466037
2018-11-04 09:00:00,28.469087471469447,0.2852825891487412
2018-11-04 10:00:00,26.15956161186608,0.44333948117685573
2018-11-04 11:00:00,34.952361608740574,0.21003646498875453
2018-11-04 12:00:00,40.27178111508322,0.5486441649751429
2018-11-04 13:00:00,40.78795609747613,0.28514605496136175
2018-11-04 14:00:00,43.117505840458705,0.4970128428971049
2018-11-04 15:00:00,54.774072960654316,0.2620062800275568
2018-11-04 16:00:00,74.47616409012934,0.48778265815324673
2018-11-04 17:00:00,73.15178897547243,0.41196034141397486
2018-11-04 18:00:00,48.92447327217219,0.41114421875592466
2018-11-04 19:00:00,34.76540479372689,0.13748508352034497
2018-11-04 20:00:00,24.46729310329998,0.1513465863289388
2018-11-04 21:00:00,15.263652652053935,0.024182199294849674
2018-11-04 22:00:00,10.714944626723526,0.24193279221664432
2018-11-04 23:00:00,5.9332644693492815,0.3811431494719303
2018-11-05 00:00:00,0.0,0.04523668495491969
2018-11-05 01:00:00,0.0,0.0
2018-11-05 02:00:00,0.0,0.0
2018-11-05 03:00:00,0.0,0.0
2018-11-05 04:00:00,1.2530394752466423,0.0
2018-11-05 05:00:00,6.026616290142281,0.0
2018-11-05 06:00:00,22.531541172400647,0.0
2018-11-05 07:00:00,42.949944768598755,0.08302266161855268
2018-11-05 08:00:00,34.93344885859997,0.0
2018-11-05 09:00:00,28.32925504447622,0.16695632022967172
2018-11-05 10:00:00,25.193597305084744,0.4386435405001845
2018-11-05 11:00:00,35.28978744865554,0.09152110225880672
2018-11-05 12:00:00,38.22575653426858,0.3254754690638359
2018-11-05 13:00:00,42.533067768750385,0.13694822835752377
2018-11-05 14:00:00,43.35600416135486,0.2761277865712331
2018-11-05 15:00:00,51.30532941147724,0.435147181217505
2018-11-05 16:00:00,70.08008491110252,0.4461558467642751
2018-11-05 17:00:00,69.59763333709293,0.25583731002741267
2018-11-05 18:00:00,48.89785844348559,0.23344049957163487
2018-11-05 19:00:00,34.34331934976897,0.04015827944521998
2018-11-05 20:00:00,23.93643601617125,0.05180773152398195
2018-11-05 21:00:00,16.272864851528695,0.0
2018-11-05 22:00:00,10.954982951076381,0.12853261317606046
2018-11-05 23:00:00,5.109509838720779,0.24791590090439547
2018-11-06 00:00:00,4.210373027252082,0.0
2018-11-06 01:00:00,2.2002789818912873,0.0
2018-11-06 02:00:00,0.6687020575457971,0.0
2018-11-06 03:00:00,0.07238760562603197,0.0
2018-11-06 04:00:00,2.494514376677608,0.0
2018-11-06 05:00:00,7.585370379124334,0.0
2018-11-06 06:00:00,25.391102705398232,0.0
2018-11-06 07:00:00,45.662769183910534,0.0
2018-11-06 08:00:00,36.80456567043946,0.0
2018-11-06 09:00:00,27.648492738721323,0.03754680053969571
2018-11-06 10:00:00,22.77660461077781,0.2343660875408411
2018-11-06 11:00:00,31.21071707054453,0.0
2018-11-06 12:00:00,33.6758066973734,0.19040543032560925
2018-11-06 13:00:00,37.61593848604211,0.038727057592574304
2018-11-06 14:00:00,40.09422209523002,0.14270938338176964
2018-11-06 15:00:00,45.585243694438745,0.3737211737711989
2018-11-06 16:00:00,67.75250354197874,0.25089467428612466
2018-11-06 17:00:00,73.60544095699656,0.12984961576385023
2018-11-06 18:00:00,52.605672352143706,0.10891065731369032
2018-11-06 19:00:00,35.97632474426718,0.0
2018-11-06 20:00:00,26.01527682795338,0.0
2018-11-06 21:00:00,17.460777232288038,0.0
2018-11-06 22:00:00,12.870496138971252,0.024042768806039866
2018-11-06 23:00:00,8.286380295265385,0.12214052971101187
2018-11-07 00:00:00,4.836175550876661,0.0
2018-11-07 01:00:00,3.0622939743435467,0.0
2018-11-07 02:00:00,0.868998582586979,0.0
2018-11-07 03:00:00,1.4245060073824973,0.0
2018-11-07 04:00:00,3.3466867639492106,0.0
2018-11-07 05:00:00,8.100147390994701,0.0
2018-11-07 06:00:00,24.77759515448405,0.0
2018-11-07 07:00:00,45.49141176070778,0.0
2018-11-07 08:00:00,42.891057733280874,0.0
2018-11-07 09:00:00,30.69950341536088,0.0
2018-11-07 10:00:00,23.1540093129601,0.14370723302650495
2018-11-07 11:00:00,30.975546122770538,0.0
2018-11-07 12:00:00,33.61614501043289,0.12017537074951598
2018-11-07 13:00:00,36.24836867676984,0.0
2018-11-07 14:00:00,41.67140955648647,0.07969631685435384
2018-11-07 15:00:00,47.81744847798584,0.24629230463252105
2018-11-07 16:00:00,67.88539456759442,0.1682740389262314
2018-11-07 17:00:00,70.56601924490839,0.06342782575371338
2018-11-07 18:00:00,57.6829682671513,0.05076206104480857
2018-11-07 19:00:00,38.542983843892095,0.0
2018-11-07 20:00:00,28.722526205360218,0.0
2018-11-07 21:00:00,19.319475747998048,0.0
2018-11-07 22:00:00,13.993978194858888,0.0
2018-11-07 23:00:00,8.542501043924386,0.041735793464219184
2018-11-08 00:00:00,10.246210307303897,0.04347074954921436
2018-11-08 01:00:00,6.128037403193856,0.0
2018-11-08 02:00:00,2.9945926126638707,0.0
2018-11-08 03:00:00,1.3909160831556147,0.0
2018-11-08 04:00:00,2.471134988639905,0.0
2018-11-08 05:00:00,6.68771207423706,0.0
2018-11-08 06:00:00,23.212714809058493,0.0
2018-11-08 07:00:00,45.06051009073924,0.024343329034783603
2018-11-08 08:00:00,41.31501734509189,0.0
2018-11-08 09:00:00,31.75927167034148,0.07502404439121367
2018-11-08 10:00:00,23.265236767643895,0.22523162549214387
2018-11-08 11:00:00,30.77156930072648,0.04324037565282249
2018-11-08 12:00:00,34.368869778192,0.2034815739612997
2018-11-08 13:00:00,36.623187881713676,0.27089045080227653
2018-11-08 14:00:00,39.95284543627066,0.36261088232623373
2018-11-08 15:00:00,48.17513637358843,0.3264749586759198
2018-11-08 16:00:00,69.87959656742697,0.2698713803927502
2018-11-08 17:00:00,74.19866136565965,0.16030376153736609
2018-11-08 18:00:00,56.64002369141651,0.1349851112732321
2018-11-08 19:00:00,38.43924490176057,0.004699937209928978
2018-11-08 20:00:00,25.253888271908522,0.1871150829816135
2018-11-08 21:00:00,16.545569217724093,0.0
2018-11-08 22:00:00,11.09149575271775,0.04562122812116941
2018-11-08 23:00:00,5.374460166883485,0.11831570247913725
2018-11-09 00:00:00,4.800499455381582,0.0
2018-11-09 01:00:00,3.042788058154974,0.0
2018-11-09 02:00:00,0.028834504108173675,0.0
2018-11-09 03:00:00,0.0,0.0
2018-11-09 04:00:00,0.6787900423916531,0.0
2018-11-09 05:00:00,5.4317613035384005,0.0
2018-11-09 06:00:00,22.45667419928815,0.0
2018-11-09 07:00:00,43.74956008364514,0.029642118337150136
2018-11-09 08:00:00,45.59143285731362,0.0
2018-11-09 09:00:00,33.74815246790437,0.08798893926410412
2018-11-09 10:00:00,23.397553419287775,0.21144908226581854
2018-11-09 11:00:00,29.39501465618928,0.05096277920323827
2018-11-09 12:00:00,33.790978363550884,0.17858915863924527
2018-11-09 13:00:00,33.61762468363151,0.18435468628612173
2018-11-09 14:00:00,39.106828461259795,0.26291051647845143
2018-11-09 15:00:00,45.977094210394306,0.2588732448580569
2018-11-09 16:00:00,65.92002488202026,0.20555847014003154
2018-11-09 17:00:00,69.9965162002154,0.13202786392574117
2018-11-09 18:00:00,54.40334476426333,0.30410681701412406
2018-11-09 19:00:00,36.66628618155156,0.023098323090094117
2018-11-09 20:00:00,27.930116157513467,0.3300610214288343
2018-11-09 21:00:00,18.182730326165355,0.0
2018-11-09 22:00:00,12.85261321724209,0.07847647331590267
2018-11-09 23:00:00,8.243001021926256,0.1507793590094183
2018-11-10 00:00:00,0.4973432761380554,0.0
2018-11-10 01:00:00,0.0,0.0
2018-11-10 02:00:00,0.0,0.0
2018-11-10 03:00:00,0.0,0.0
2018-11-10 04:00:00,0.0,0.0
2018-11-10 05:00:00,4.417999840710047,0.0
2018-11-10 06:00:00,20.511355882541515,0.0
2018-11-10 07:00:00,43.29311777094266,0.0
2018-11-10 08:00:00,45.00382756051904,0.0
2018-11-10 09:00:00,33.258001014171064,0.0
2018-11-10 10:00:00,22.89738340117483,0.25531035391014906
2018-11-10 11:00:00,27.220817394452677,0.0
2018-11-10 12:00:00,30.392466219312805,0.02492316232127574
2018-11-10 13:00:00,30.914975041604386,0.034729969408269015
2018-11-10 14:00:00,32.57584482492096,0.0968716617076534
2018-11-10 15:00:00,37.91376133590376,0.09920598775804873
2018-11-10 16:00:00,57.36854203610772,0.053434215328204346
2018-11-10 17:00:00,57.86113722925323,0.0
2018-11-10 18:00:00,41.367349016329285,0.07469781760910643
2018-11-10 19:00:00,26.95036653113617,0.0
2018-11-10 20:00:00,18.38265150634537,0.08158705549355483
2018-11-10 21:00:00,10.63328583498886,0.0
2018-11-10 22:00:00,5.076650404486326,0.0
2018-11-10 23:00:00,0.0,0.0
2018-11-11 00:00:00,0.0,0.0
2018-11-11 01:00:00,0.0,0.0
2018-11-11 02:00:00,0.0,0.0
2018-11-11 03:00:00,0.0,0.0
2018-11-11 04:00:00,0.0,0.0
2018-11-11 05:00:00,0.5320600208799375,0.0
2018-11-11 06:00:00,15.773418482967804,0.0
2018-11-11 07:00:00,34.041904635664345,0.0
2018-11-11 08:00:00,32.06726085666262,0.12328475249149409
2018-11-11 09:00:00,25.74245208101036,0.019132425125560765
2018-11-11 10:00:00,23.28882677837299,0.4141848859140359
2018-11-11 11:00:00,33.93982734622848,0.1905371754877437
2018-11-11 12:00:00,36.25831689385211,0.11514110543922255
2018-11-11 13:00:00,35.43164239853038,0.12337717133310899
2018-11-11 14:00:00,39.94607537993506,0.18230794234410194
2018-11-11 15:00:00,46.916405321670794,0.1894264524968116
2018-11-11 16:00:00,63.836289114101405,0.1545617573647371
2018-11-11 17:00:00,62.019978131783176,0.08611621827635324
2018-11-11 18:00:00,45.42458216058922,0.16833646041692302
2018-11-11 19:00:00,31.441971669019082,0.0
2018-11-11 20:00:00,21.341090017374313,0.18019281024696948
2018-11-11 21:00:00,13.08280928701772,0.0
2018-11-11 22:00:00,8.620258578646668,0.027806954311523926
2018-11-11 23:00:00,3.1056271821490538,0.07099946105006344
2018-11-12 00:00:00,5.719520771480518,0.0
2018-11-12 01:00:00,0.9368626649152176,0.0
2018-11-12 02:00:00,0.0,0.0
2018-11-12 03:00:00,0.0,0.0
2018-11-12 04:00:00,0.0,0.0
2018-11-12 05:00:00,3.4434669304309153,0.0
2018-11-12 06:00:00,17.204767109084866,0.0
2018-11-12 07:00:00,34.58246966314486,0.0
2018-11-12 08:00:00,32.89630616167596,0.0027853023797242416
2018-11-12 09:00:00,27.475599823385476,0.0
2018-11-12 10:00:00,23.7825512846951,0.2473799119381335
2018-11-12 11:00:00,32.21657703296185,0.05468553931983661
2018-11-12 12:00:00,35.30123993912172,0.02123681844352085
2018-11-12 13:00:00,38.216393760422456,0.028310935357141673
2018-11-12 14:00:00,39.41086329149055,0.08403452501740744
2018-11-12 15:00:00,45.5588478935342,0.07926125114897015
2018-11-12 16:00:00,61.36788384033312,0.039353797902179986
2018-11-12 17:00:00,63.39830976199216,0.0012263943566714064
2018-11-12 18:00:00,44.29904592036666,0.07628981973917119
2018-11-12 19:00:00,31.32367960061059,0.0
2018-11-12 20:00:00,21.02252187606357,0.09158027501540843
2018-11-12 21:00:00,16.34981438734368,0.0
2018-11-12 22:00:00,10.77642406513137,0.0
2018-11-12 23:00:00,6.086390316079914,0.007693615615165572
2018-11-13 00:00:00,1.4802780583096782,0.0
2018-11-13 01:00:00,0.0,0.0
2018-11-13 02:00:00,0.0,0.0
2018-11-13 03:00:00,0.0,0.0
2018-11-13 04:00:00,1.491632406533805,0.0
2018-11-13 05:00:00,6.353400336898219,0.0
2018-11-13 06:00:00,21.97641346913522,0.0
2018-11-13 07:00:00,42.65299064177868,0.003377401513827094
2018-11-13 08:00:00,42.231507590877904,0.07438360344538049
2018-11-13 09:00:00,33.90340182699615,0.2025826165236987
2018-11-13 10:00:00,26.492394252078064,0.24874887724185768
2018-11-13 11:00:00,30.749888862310407,0.06361176090674628
2018-11-13 12:00:00,30.0053424220425,0.02543994587295785
2018-11-13 13:00:00,32.9356128644919,0.03151604224645906
2018-11-13 14:00:00,36.57499621223567,0.06849061491921024
2018-11-13 15:00:00,41.42352348188222,0.0755028871242886
2018-11-13 16:00:00,59.086707636165386,0.04608028410163818
2018-11-13 17:00:00,64.89271419122555,0.0026965391816710094
2018-11-13 18:00:00,48.58386779098511,0.06698278160025285
2018-11-13 19:00:00,37.08915475289038,0.0
2018-11-13 20:00:00,25.22234095170862,0.07544855821354475
2018-11-13 21:00:00,15.422341215563286,0.0
2018-11-13 22:00:00,7.24714366481607,0.0
2018-11-13 23:00:00,3.2196456915791156,0.0
2018-11-14 00:00:00,6.149574435561915,0.0
2018-11-14 01:00:00,1.9212505570805094,0.0
2018-11-14 02:00:00,0.0,0.0
2018-11-14 03:00:00,0.0,0.0
2018-11-14 04:00:00,0.0,0.0
2018-11-14 05:00:00,1.9988797802427802,0.0
2018-11-14 06:00:00,15.16705328095004,0.0
2018-11-14 07:00:00,32.91495129054491,0.0
2018-11-14 08:00:00,31.501656501714965,0.0
2018-11-14 09:00:00,25.61951266965,0.042737252366804965
2018-11-14 10:00:00,18.170166210726855,0.1460917206140483
2018-11-14 11:00:00,24.846096710053256,0.0
2018-11-14 12:00:00,27.637978427638053,0.0
2018-11-14 13:00:00,30.22787966418644,0.0
2018-11-14 14:00:00,33.553257767621375,0.017995020157144805
2018-11-14 15:00:00,39.30108631593208,0.018237302648256196
2018-11-14 16:00:00,55.131436880820516,0.0
2018-11-14 17:00:00,64.04351028006876,0.0
2018-11-14 18:00:00,45.75451730632318,0.0
2018-11-14 19:00:00,30.741229654857882,0.0
2018-11-14 20:00:00,21.83320556330706,0.0
2018-11-14 21:00:00,11.91261002713794,0.0
2018-11-14 22:00:00,8.864846993781136,0.0
2018-11-14 23:00:00,1.2701121285848267,0.0
2018-11-15 00:00:00,2.1120798459005945,0.011659419046405533
2018-11-15 01:00:00,0.0,0.0
2018-11-15 02:00:00,0.0,0.0
2018-11-15 03:00:00,0.0,0.0
2018-11-15 04:00:00,0.0,0.0
2018-11-15 05:00:00,0.41545783427309113,0.0
2018-11-15 06:00:00,14.849778114735088,0.0
2018-11-15 07:00:00,34.30719012487919,0.016953971901335633
2018-11-15 08:00:00,36.808951147845875,0.07483164264483153
2018-11-15 09:00:00,28.690701348240047,0.1330629183895136
2018-11-15 10:00:00,19.256724091274855,0.22008307331296645
2018-11-15 11:00:00,22.708898283940407,0.09298415266073276
2018-11-15 12:00:00,24.778731967402045,0.0670828672537991
2018-11-15 13:00:00,27.71550286376263,0.0723794550013614
2018-11-15 14:00:00,29.379753158989846,0.0894865892307191
2018-11-15 15:00:00,34.18392724003366,0.08581069773441946
2018-11-15 16:00:00,52.31989522104681,0.07134868486544146
2018-11-15 17:00:00,58.70086730991686,0.050558873802489065
2018-11-15 18:00:00,44.87325393921413,0.08731996337612617
2018-11-15 19:00:00,28.263217658635792,0.0
2018-11-15 20:00:00,20.01955230595698,0.10904759197562465
2018-11-15 21:00:00,12.962470320700204,0.1805109647923589
2018-11-15 22:00:00,8.35374733961218,0.04509141923625694
2018-11-15 23:00:00,1.0884728062414077,0.05748644532793946
2018-11-16 00:00:00,4.071092146044439,0.0
2018-11-16 01:00:00,0.92130897676198,0.0
2018-11-16 02:00:00,0.0,0.0
2018-11-16 03:00:00,0.0,0.0
2018-11-16 04:00:00,0.4596271689086038,0.0
2018-11-16 05:00:00,4.970642405050114,0.0
2018-11-16 06:00:00,17.868984410917847,0.0
2018-11-16 07:00:00,38.279345296778445,0.0
2018-11-16 08:00:00,39.8430134436665,0.01781736601273131
2018-11-16 09:00:00,31.076466991310095,0.07784257702428599
2018-11-16 10:00:00,22.987782690443893,0.1587637428223274
2018-11-16 11:00:00,25.538213540306582,0.0540388749735185
2018-11-16 12:00:00,29.161639420820315,0.041977877011684574
2018-11-16 13:00:00,32.38919458504867,0.056146158924210605
2018-11-16 14:00:00,32.86289217586621,0.08647954820867065
2018-11-16 15:00:00,35.71457756118051,0.06805538715224822
2018-11-16 16:00:00,50.47262773987654,0.044795941976603665
2018-11-16 17:00:00,54.93685233203985,0.020855176345258505
2018-11-16 18:00:00,40.80285195324147,0.0635449717420844
2018-11-16 19:00:00,28.483845884739555,0.0
2018-11-16 20:00:00,19.18399429928879,0.06170232115317434
2018-11-16 21:00:00,11.78907884994917,0.07050802235822315
2018-11-16 22:00:00,7.3854693621911895,0.0
2018-11-16 23:00:00,3.523844764465091,0.011975494090511893
2018-11-17 00:00:00,4.803057965681946,0.2781238102064796
2018-11-17 01:00:00,0.9760098210054964,0.16167316722526312
2018-11-17 02:00:00,0.0,0.15307341130386742
2018-11-17 03:00:00,0.0,0.15219479157618543
2018-11-17 04:00:00,0.0,0.15307343276894253
2018-11-17 05:00:00,3.311801872470613,0.15727570129305213
2018-11-17 06:00:00,15.869288264677728,0.16212978320476523
2018-11-17 07:00:00,33.80201690939551,0.18493325996153054
2018-11-17 08:00:00,35.09154326668356,0.22845960306098767
2018-11-17 09:00:00,28.658711957095,0.2795548323312424
2018-11-17 10:00:00,21.823766838069638,0.3524347486287106
2018-11-17 11:00:00,25.028386415413156,0.25785447197037425
2018-11-17 12:00:00,29.686250128246343,0.24178362305256051
2018-11-17 13:00:00,29.852289799171718,0.42247262711937456
2018-11-17 14:00:00,33.805822915009394,0.25937961389771885
2018-11-17 15:00:00,38.02654586179387,0.26375387366232106
2018-11-17 16:00:00,54.20958075053716,0.24420648182788815
2018-11-17 17:00:00,61.97874473462712,0.22476118951379942
2018-11-17 18:00:00,48.37183896200454,0.26097890966233683
2018-11-17 19:00:00,32.99383211996873,0.19320011708518953
2018-11-17 20:00:00,22.923787855134893,0.4478816697424546
2018-11-17 21:00:00,16.00357977166255,0.2726446394365655
2018-11-17 22:00:00,11.104411439894474,0.20520580194781254
2018-11-17 23:00:00,5.254941207721107,0.4009474046505392
2018-11-18 00:00:00,10.248110956935026,0.009354210832325516
2018-11-18 01:00:00,5.876890532902344,0.19997740478363407
2018-11-18 02:00:00,2.9778469675269776,0.023207139819130397
2018-11-18 03:00:00,0.0,0.015510873389401339
2018-11-18 04:00:00,0.8882516188796354,0.19972980917122574
2018-11-18 05:00:00,4.291708960253017,0.014786586052795259
2018-11-18 06:00:00,15.85457904944738,0.013223810229168853
2018-11-18 07:00:00,32.630492984899746,0.03217766307400256
2018-11-18 08:00:00,33.40500484501914,0.06932867600112838
2018-11-18 09:00:00,27.665881686721395,0.10344308447364675
2018-11-18 10:00:00,24.640823057796734,0.1614450922362558
2018-11-18 11:00:00,30.386039729580663,0.07506401194172438
2018-11-18 12:00:00,31.922936572040626,0.05700904051322423
2018-11-18 13:00:00,31.82006840459014,0.35392044424444874
2018-11-18 14:00:00,36.487875378831745,0.07297939335088038
2018-11-18 15:00:00,40.479616713329975,0.07591288902739965
2018-11-18 16:00:00,53.65989482944855,0.06889755314401946
2018-11-18 17:00:00,57.333805033651416,0.23981461847542523
2018-11-18 18:00:00,44.0448250002061,0.08770914181000694
2018-11-18 19:00:00,30.94846963834142,0.03374829265202262
2018-11-18 20:00:00,22.86131604394618,0.21569766239557084
2018-11-18 21:00:00,14.980430797305566,0.1073161710039584
2018-11-18 22:00:00,10.412117250215692,0.049391644042579584
2018-11-18 23:00:00,7.0212752792351285,0.18534640043693557
2018-11-19 00:00:00,1.4717023950345673,0.0
2018-11-19 01:00:00,0.0,0.02400783034775312
2018-11-19 02:00:00,0.0,0.0
2018-11-19 03:00:00,0.0,0.0
2018-11-19 04:00:00,0.5924136792228785,0.0666006362663373
2018-11-19 05:00:00,4.460366746763609,0.0
2018-11-19 06:00:00,16.279967607086203,0.0
2018-11-19 07:00:00,32.25923005212074,0.0
2018-11-19 08:00:00,33.08929795189618,0.0
2018-11-19 09:00:00,28.976873053601803,0.02155591534100164
2018-11-19 10:00:00,24.447171235064747,0.2450014381931954
2018-11-19 11:00:00,28.777209173517807,0.0
2018-11-19 12:00:00,34.75101354625973,0.002710335606568179
2018-11-19 13:00:00,35.43780882195597,0.22537326616462078
2018-11-19 14:00:00,40.332529515280655,0.02620053906284313
2018-11-19 15:00:00,43.086586394802545,0.02872017545831701
2018-11-19 16:00:00,57.83831074566613,0.016951311217724724
2018-11-19 17:00:00,57.87289814002989,0.11166081117394748
2018-11-19 18:00:00,46.56442826045933,0.017816024792665364
2018-11-19 19:00:00,32.473784716265676,0.0
2018-11-19 20:00:00,24.106374838030217,0.12289316679966124
2018-11-19 21:00:00,16.39064661823204,0.029802199428302006
2018-11-19 22:00:00,12.549574197214232,0.0
2018-11-19 23:00:00,7.133179665325599,0.09641205809625684
2018-11-20 00:00:00,2.9486267255085723,0.02027163441588925
2018-11-20 01:00:00,1.081833486319515,0.12824371272437984
2018-11-20 02:00:00,0.0,0.03181382437400324
2018-11-20 03:00:00,0.0,0.030053694793655245
2018-11-20 04:00:00,0.771059498036732,0.12443520390607589
2018-11-20 05:00:00,5.640832136853788,0.02970735858350193
2018-11-20 06:00:00,18.585806128343865,0.03310193768105682
2018-11-20 07:00:00,38.97114041362098,0.04806178277449179
2018-11-20 08:00:00,40.17017376689582,0.06134072228239995
2018-11-20 09:00:00,31.841148042837254,0.27007567363220786
2018-11-20 10:00:00,22.110285540015422,0.21751401918391822
2018-11-20 11:00:00,26.789031335897693,0.05117363067698408
2018-11-20 12:00:00,29.753527261457748,0.03960271237675306
2018-11-20 13:00:00,30.885630175072325,0.23044040633670604
2018-11-20 14:00:00,33.82108057676912,0.06380994670322492
2018-11-20 15:00:00,38.497356787407604,0.06597411132642447
2018-11-20 16:00:00,54.5122135231071,0.06142167022326277
2018-11-20 17:00:00,61.94448765795917,0.14318131916988813
2018-11-20 18:00:00,50.90588038535145,0.06368941193434685
2018-11-20 19:00:00,36.42933132752409,0.019113753076538835
2018-11-20 20:00:00,25.346181802693568,0.15412940058893804
2018-11-20 21:00:00,15.307436014934627,0.05906602713007455
2018-11-20 22:00:00,10.239694786449395,0.19510335483698993
2018-11-20 23:00:00,3.550928388419064,0.10650422957639837
2018-11-21 00:00:00,6.263013310111892,0.0636632355821485
2018-11-21 01:00:00,1.666250723436033,0.15538087095530317
2018-11-21 02:00:00,0.0,0.07475424607248908
2018-11-21 03:00:00,0.0,0.06889800212076189
2018-11-21 04:00:00,0.0,0.15553329138238672
2018-11-21 05:00:00,2.631964567369505,0.07305825090279625
2018-11-21 06:00:00,15.410830803261495,0.07153129061074102
2018-11-21 07:00:00,33.48894258546555,0.08415599368932276
2018-11-21 08:00:00,38.81928779495212,0.11019051875145838
2018-11-21 09:00:00,28.97746170779255,0.24734402549853687
2018-11-21 10:00:00,21.393425157769304,0.2700344699997122
2018-11-21 11:00:00,24.534682051304767,0.12253142644464166
2018-11-21 12:00:00,28.172834527592922,0.4743251137994357
2018-11-21 13:00:00,29.83826127394071,0.6382393145874596
2018-11-21 14:00:00,34.84411535591859,0.13383426234760634
2018-11-21 15:00:00,36.641370520097006,0.12591880685368753
2018-11-21 16:00:00,50.408033666859396,0.11734113448237873
2018-11-21 17:00:00,60.74392583387531,0.3805539627091919
2018-11-21 18:00:00,49.922592106376,0.12813722956230936
2018-11-21 19:00:00,30.05797514828085,0.05546837764064666
2018-11-21 20:00:00,21.539709933526087,0.18626929484775484
2018-11-21 21:00:00,13.049416064495382,0.11058540295390253
2018-11-21 22:00:00,6.249366298643334,0.17482182868063167
2018-11-21 23:00:00,1.0103570031306424,0.13663708255423118
2018-11-22 00:00:00,0.0,0.2570497971181857
2018-11-22 01:00:00,0.0,0.0
2018-11-22 02:00:00,0.0,0.0
2018-11-22 03:00:00,0.0,0.0
2018-11-22 04:00:00,0.0,0.0
2018-11-22 05:00:00,0.0,0.0
2018-11-22 06:00:00,7.6389994900176905,0.0
2018-11-22 07:00:00,25.426530319077234,0.0
2018-11-22 08:00:00,28.85450392335477,0.0
2018-11-22 09:00:00,24.531718899665663,0.0102992372468033
2018-11-22 10:00:00,15.481985072948577,0.02785165741551511
2018-11-22 11:00:00,17.708489560515698,0.0
2018-11-22 12:00:00,22.263784668527578,0.1247981210880697
2018-11-22 13:00:00,23.787248676441862,0.26561904329695096
2018-11-22 14:00:00,29.05251561731416,0.0
2018-11-22 15:00:00,32.53072250158156,0.0
2018-11-22 16:00:00,46.47135716561852,0.0
2018-11-22 17:00:00,48.30102165738065,0.06147178435943687
2018-11-22 18:00:00,37.561018386934386,0.0
2018-11-22 19:00:00,23.066711932955428,0.0
2018-11-22 20:00:00,13.204542419343065,0.0
2018-11-22 21:00:00,5.040840956589419,0.0
2018-11-22 22:00:00,1.4698301274969716,0.0
2018-11-22 23:00:00,0.0,0.0
2018-11-23 00:00:00,0.0,0.13603436632249388
2018-11-23 01:00:00,0.0,0.0
2018-11-23 02:00:00,0.0,0.0
2018-11-23 03:00:00,0.0,0.0
2018-11-23 04:00:00,0.0,0.0
2018-11-23 05:00:00,0.0,0.0
2018-11-23 06:00:00,2.936062040743753,0.0
2018-11-23 07:00:00,21.399980496200154,0.0
2018-11-23 08:00:00,24.073695085268245,0.0
2018-11-23 09:00:00,19.317499277363375,0.0383512845783434
2018-11-23 10:00:00,13.819940320738484,0.0587962728392758
2018-11-23 11:00:00,18.166123920496414,0.0
2018-11-23 12:00:00,21.062369109657734,0.15072656943313525
2018-11-23 13:00:00,22.472973862910944,0.27253579272220874
2018-11-23 14:00:00,25.417897706855552,0.0
2018-11-23 15:00:00,28.924779803011308,0.0
2018-11-23 16:00:00,41.96947955541593,0.0
2018-11-23 17:00:00,47.28134362557287,0.1276736688553212
2018-11-23 18:00:00,34.15494082730091,0.0
2018-11-23 19:00:00,23.69933887167051,0.0
2018-11-23 20:00:00,15.84155991701137,0.04248892909505872
2018-11-23 21:00:00,9.725283874404965,0.0006779235556934812
2018-11-23 22:00:00,6.484515453100835,0.05900112026161773
2018-11-23 23:00:00,1.4282946501039584,0.03632282537788201
2018-11-24 00:00:00,4.925076234521467,0.25862319642578885
2018-11-24 01:00:00,1.866371163120471,0.1265711651295747
2018-11-24 02:00:00,0.0,0.07098771160088793
2018-11-24 03:00:00,0.0,0.07703302894835644
2018-11-24 04:00:00,0.0,0.1333616838152577
2018-11-24 05:00:00,1.549336873903966,0.07754708853279357
2018-11-24 06:00:00,12.876161252708826,0.09062662831889456
2018-11-24 07:00:00,28.607241420759518,0.09919986782727179
2018-11-24 08:00:00,29.685603961979716,0.11853048737116495
2018-11-24 09:00:00,25.770627146154553,0.21755342374333378
2018-11-24 10:00:00,21.78992237748965,0.23577796461296036
2018-11-24 11:00:00,24.076175408139463,0.13186078511959246
2018-11-24 12:00:00,26.55233323339157,0.2948157021019791
2018-11-24 13:00:00,27.44325886490267,0.38874104099341106
2018-11-24 14:00:00,31.01400336843112,0.12765751045131668
2018-11-24 15:00:00,35.15292633844702,0.13860031179296445
2018-11-24 16:00:00,46.83737565973902,0.1369319407923777
2018-11-24 17:00:00,52.17869718859192,0.2781021472860881
2018-11-24 18:00:00,40.627002143684535,0.3423188963143531
2018-11-24 19:00:00,29.195123989308353,0.3195996223321857
2018-11-24 20:00:00,23.95441700699836,0.21459975610162857
2018-11-24 21:00:00,15.600238890338408,0.17409125166619238
2018-11-24 22:00:00,11.812229736502726,0.2293591859415623
2018-11-24 23:00:00,9.234651382955509,0.21495806851502908
2018-11-25 00:00:00,0.0,0.12753993309095463
2018-11-25 01:00:00,0.0,0.0022529709790327507
2018-11-25 02:00:00,0.0,0.0
2018-11-25 03:00:00,0.0,0.0
2018-11-25 04:00:00,1.1381051565961355,0.0
2018-11-25 05:00:00,5.039062794638382,0.0
2018-11-25 06:00:00,15.694817655661112,0.0
2018-11-25 07:00:00,30.834170363756886,0.0
2018-11-25 08:00:00,32.191065055848426,0.0
2018-11-25 09:00:00,30.110392649464128,0.04277805514574454
2018-11-25 10:00:00,25.58223229536747,0.06283689172881914
2018-11-25 11:00:00,28.888768862779678,0.0
2018-11-25 12:00:00,33.29483389001919,0.12503206282450569
2018-11-25 13:00:00,34.361236263678464,0.2203727803010263
2018-11-25 14:00:00,37.56519077744837,0.0
2018-11-25 15:00:00,40.18638060730734,0.0
2018-11-25 16:00:00,49.95235939494836,0.0
2018-11-25 17:00:00,54.998593206418114,0.09016687198007851
2018-11-25 18:00:00,43.021515007474946,0.0978414500248996
2018-11-25 19:00:00,30.4537786122343,0.07879934714990308
2018-11-25 20:00:00,22.183392444829106,0.02084651290711867
2018-11-25 21:00:00,15.642295289930267,0.0
2018-11-25 22:00:00,11.785608688261203,0.02295320716355899
2018-11-25 23:00:00,7.67054145110577,0.005058064578631755
2018-11-26 00:00:00,0.6831392370551077,0.173814762938112
2018-11-26 01:00:00,0.0,0.07584517619449917
2018-11-26 02:00:00,0.3805896734265728,0.05093809940048523
2018-11-26 03:00:00,0.4467165859847668,0.049116344740027615
2018-11-26 04:00:00,1.7463816676798984,0.087054842726621
2018-11-26 05:00:00,5.161969480606335,0.046085478827910295
2018-11-26 06:00:00,16.063295424966398,0.051505041631751215
2018-11-26 07:00:00,29.838246382445128,0.053529470241481865
2018-11-26 08:00:00,32.871358237858665,0.0653313506618933
2018-11-26 09:00:00,30.50633884141997,0.12999148837296504
2018-11-26 10:00:00,28.417315002303397,0.1363703504979908
2018-11-26 11:00:00,32.207495941116065,0.0637613780451667
2018-11-26 12:00:00,33.66103361591704,0.17423599782914864
2018-11-26 13:00:00,33.73670197950493,0.42452339792408234
2018-11-26 14:00:00,36.11546596479555,0.03889092990613639
2018-11-26 15:00:00,41.1801059357857,0.03640907413095029
2018-11-26 16:00:00,49.962314958022496,0.030489291890670074
2018-11-26 17:00:00,53.01614899593405,0.1360242606452757
2018-11-26 18:00:00,41.64943676393704,0.14772426226195476
2018-11-26 19:00:00,29.948498287694747,0.12583698972614443
2018-11-26 20:00:00,21.909142907529557,0.07646797203210551
2018-11-26 21:00:00,15.93137634119992,0.051831176868295914
2018-11-26 22:00:00,10.49340610220807,0.2672823933770748
2018-11-26 23:00:00,6.42904757951715,0.07339642710871352
2018-11-27 00:00:00,0.162962885552405,0.15337412727001976
2018-11-27 01:00:00,0.0,0.05865266010780662
2018-11-27 02:00:00,0.0,0.02211932240173005
2018-11-27 03:00:00,0.0,0.020921670359298004
2018-11-27 04:00:00,0.0,0.05325997246040417
2018-11-27 05:00:00,2.5751436086587995,0.01362411284586322
2018-11-27 06:00:00,13.404285076837734,0.012760419046209857
2018-11-27 07:00:00,30.846414373038613,0.02001786212509891
2018-11-27 08:00:00,34.70789286261222,0.02459866084772492
2018-11-27 09:00:00,31.333861658003645,0.07943512707193648
2018-11-27 10:00:00,20.832023897045286,0.08633146808281697
2018-11-27 11:00:00,23.817407229363784,0.028516684716853924
2018-11-27 12:00:00,27.053843778044964,0.12918617496723686
2018-11-27 13:00:00,26.39046863762396,0.476068179039232
2018-11-27 14:00:00,28.558692041387875,0.008694645899779647
2018-11-27 15:00:00,30.12032436009848,0.0059070029592728154
2018-11-27 16:00:00,40.936072200812745,0.0057136373393955955
2018-11-27 17:00:00,45.344478283382216,0.09598571852522866
2018-11-27 18:00:00,37.4233410046533,0.09665840178808355
2018-11-27 19:00:00,25.99487916514384,0.07821967546047325
2018-11-27 20:00:00,17.315742314903375,0.03492709498594412
2018-11-27 21:00:00,11.475073704564934,0.19207520903447448
2018-11-27 22:00:00,6.825493182071302,0.14667279530262226
2018-11-27 23:00:00,2.1825877631097526,0.027384441461792162
2018-11-28 00:00:00,6.263491524307547,0.05385825161691503
2018-11-28 01:00:00,2.4065041244422636,0.0
2018-11-28 02:00:00,0.015153956760993292,0.0
2018-11-28 03:00:00,0.0,0.0
2018-11-28 04:00:00,0.0,0.0
2018-11-28 05:00:00,2.5702617813990627,0.0
2018-11-28 06:00:00,14.181920240159497,0.0
2018-11-28 07:00:00,29.83188415784885,0.0
2018-11-28 08:00:00,36.09189888315107,0.0
2018-11-28 09:00:00,28.850107062207318,0.004809105721758293
2018-11-28 10:00:00,18.87139676044522,0.009723561788773559
2018-11-28 11:00:00,22.318133682481932,0.0
2018-11-28 12:00:00,25.47035549021049,0.04709198789444402
2018-11-28 13:00:00,26.971656520677126,0.500745241723479
2018-11-28 14:00:00,28.81807120941165,0.0
2018-11-28 15:00:00,33.69278880205934,0.0
2018-11-28 16:00:00,43.94761928137173,0.0
2018-11-28 17:00:00,51.308473047584044,0.033745226485350846
2018-11-28 18:00:00,46.26192603605793,0.039008961761737765
2018-11-28 19:00:00,32.45590118868884,0.02860906611702299
2018-11-28 20:00:00,24.246788088272325,0.0
2018-11-28 21:00:00,16.021629363992783,0.08982687483941404
2018-11-28 22:00:00,9.419569305653244,0.10296044325562698
2018-11-28 23:00:00,5.721192289661339,0.0
2018-11-29 00:00:00,3.213765203398275,0.45561488484749735
2018-11-29 01:00:00,1.4242053590059385,0.30580016035132307
2018-11-29 02:00:00,0.0,0.271217318977665
2018-11-29 03:00:00,0.0,0.26780370486787325
2018-11-29 04:00:00,0.0,0.28517122252268157
2018-11-29 05:00:00,3.1892940341271547,0.26600022932374207
2018-11-29 06:00:00,14.845142783554515,0.2752383585305758
2018-11-29 07:00:00,29.86555963531878,0.2707129713137488
2018-11-29 08:00:00,40.40484422755888,0.4673527536795683
2018-11-29 09:00:00,31.912073273629073,0.32527270966551564
2018-11-29 10:00:00,21.729084299077496,0.5127482013046784
2018-11-29 11:00:00,23.879355872561998,0.2876032863874477
2018-11-29 12:00:00,27.459497886992775,0.3660331599096511
2018-11-29 13:00:00,29.51350377795448,0.708509877044907
2018-11-29 14:00:00,31.409349924011067,0.6464253073762828
2018-11-29 15:00:00,32.99421526621702,0.2770276007942777
2018-11-29 16:00:00,43.7281095458891,0.266946581474173
2018-11-29 17:00:00,52.89578034208533,0.3290197113007058
2018-11-29 18:00:00,48.03696292812336,0.33339151246699383
2018-11-29 19:00:00,32.17923641487014,0.319786653660224
2018-11-29 20:00:00,21.39755611761801,0.28690323934601464
2018-11-29 21:00:00,14.605368859129683,0.36681175331604177
2018-11-29 22:00:00,8.143580532442972,0.5555627539353901
2018-11-29 23:00:00,4.138292342656955,0.4630122271710859
2018-11-30 00:00:00,10.670257231055738,0.393685223852126
2018-11-30 01:00:00,5.265932580954836,0.3997495129126975
2018-11-30 02:00:00,2.5807887432814627,0.3885893397623036
2018-11-30 03:00:00,0.4947311977893305,0.3883525215553883
2018-11-30 04:00:00,1.040218768986898,0.414711103076482
2018-11-30 05:00:00,3.987216278292296,0.39250792355375547
2018-11-30 06:00:00,14.329958910831822,0.39933537268397834
2018-11-30 07:00:00,30.66686051269502,0.40100527303943
2018-11-30 08:00:00,36.4965577708311,0.5176124679380593
2018-11-30 09:00:00,33.09934752109527,0.6208952699409968
2018-11-30 10:00:00,20.721894111002918,0.5521321725535489
2018-11-30 11:00:00,21.060912739769293,0.396253776177777
2018-11-30 12:00:00,25.342291617584575,0.45828728188023293
2018-11-30 13:00:00,24.685989659313677,0.7526343751423694
2018-11-30 14:00:00,30.495073950437774,0.6203286794344521
2018-11-30 15:00:00,31.580825605661627,0.39226107899485846
2018-11-30 16:00:00,42.824699980129154,0.38840788929621844
2018-11-30 17:00:00,51.83948663663049,0.9967346599291665
2018-11-30 18:00:00,46.860501427293926,0.8172747639085134
2018-11-30 19:00:00,30.808432476756064,0.8102193406057602
2018-11-30 20:00:00,23.543698816524905,0.6043176227376575
2018-11-30 21:00:00,15.474350458211138,0.48973901721824475
2018-11-30 22:00:00,13.200678004104741,0.6152839850153612
2018-11-30 23:00:00,6.5515868623611615,0.5357905405481003
2018-12-01 00:00:00,6.555108246139429,0.36600766327675316
2018-12-01 01:00:00,3.1437890638263455,0.343494136222368
2018-12-01 02:00:00,1.1236317457302518,0.14709488291125483
2018-12-01 03:00:00,0.32233377237091787,0.14641185030866422
2018-12-01 04:00:00,0.017155654267521303,0.16320715323435772
2018-12-01 05:00:00,3.629462943982928,0.14435252716853086
2018-12-01 06:00:00,13.841379330428927,0.14581019682024615
2018-12-01 07:00:00,30.90752174905154,0.14701972618986886
2018-12-01 08:00:00,37.96160029418996,0.25280639106755665
2018-12-01 09:00:00,33.149700178047,0.48715419351567785
2018-12-01 10:00:00,21.499576555693157,0.8421710162690748
2018-12-01 11:00:00,25.908777908252112,0.16327334981956476
2018-12-01 12:00:00,27.37877293093955,0.216811594178151
2018-12-01 13:00:00,28.38551226723882,0.4740430583262897
2018-12-01 14:00:00,32.151817491128654,0.36551328652681225
2018-12-01 15:00:00,30.4178940645108,0.15427555749005226
2018-12-01 16:00:00,42.6902820866231,0.15171712001039755
2018-12-01 17:00:00,51.299034248195525,0.7352854514280045
2018-12-01 18:00:00,47.948452726213944,0.6188021632472211
2018-12-01 19:00:00,29.363550943436614,0.607303077682696
2018-12-01 20:00:00,20.757370581811188,0.28909713293920763
2018-12-01 21:00:00,13.959273410065235,0.22837347742648237
2018-12-01 22:00:00,11.658470356537588,0.34039288907155124
2018-12-01 23:00:00,6.742722120861811,0.2721621748253924
2018-12-02 00:00:00,5.874962395144349,0.2725846775783749
2018-12-02 01:00:00,3.9925657116015913,0.2403203566465721
2018-12-02 02:00:00,2.1892160199218695,0.0
2018-12-02 03:00:00,2.331462929268996,0.0
2018-12-02 04:00:00,2.6661046521996967,0.0
2018-12-02 05:00:00,5.381954922728579,0.0
2018-12-02 06:00:00,15.19632496855511,0.12459252109110627
2018-12-02 07:00:00,28.770984514553838,0.1259018532403762
2018-12-02 08:00:00,35.02852033361746,0.032123643909828345
2018-12-02 09:00:00,33.660755011670645,0.1963683244073857
2018-12-02 10:00:00,27.31565252187182,0.4063525841079402
2018-12-02 11:00:00,32.89776698407431,0.0
2018-12-02 12:00:00,39.23678043382719,0.0
2018-12-02 13:00:00,36.4489955489949,0.2124396550810363
2018-12-02 14:00:00,38.375963686221276,0.11806037613088463
2018-12-02 15:00:00,41.4394122289966,0.14094523256538555
2018-12-02 16:00:00,48.93734510161821,0.0
2018-12-02 17:00:00,52.60579608630201,0.4090480852119966
2018-12-02 18:00:00,44.3536931559408,0.30921869206828334
2018-12-02 19:00:00,32.20123082805533,0.31903219639960323
2018-12-02 20:00:00,24.854840229680946,0.09323312446473471
2018-12-02 21:00:00,18.50402566996864,0.030600717717260056
2018-12-02 22:00:00,12.67012900849435,0.11246110274039046
2018-12-02 23:00:00,11.46785634236254,0.07330750525935643
2018-12-03 00:00:00,7.78702024334699,0.38479534131594684
2018-12-03 01:00:00,5.484401998964865,0.7373488028598779
2018-12-03 02:00:00,4.490999085515108,0.14680089368976162
2018-12-03 03:00:00,3.962041599178246,0.14539411283857556
2018-12-03 04:00:00,4.783943403011163,0.3455219051434389
2018-12-03 05:00:00,7.755167380088929,0.1484290931791617
2018-12-03 06:00:00,15.586598497464905,0.250678082734351
2018-12-03 07:00:00,29.695640669443783,0.2559637198340605
2018-12-03 08:00:00,33.92455571432615,0.21347512200998248
2018-12-03 09:00:00,30.209981988567684,0.3392674667528097
2018-12-03 10:00:00,23.5367329740952,0.530523525899902
2018-12-03 11:00:00,27.090319261804897,0.322151570011074
2018-12-03 12:00:00,30.2788706301467,0.1720886327361441
2018-12-03 13:00:00,32.1058193301033,0.353653869880318
2018-12-03 14:00:00,32.22379409941732,0.27267687338466257
2018-12-03 15:00:00,36.085814921727845,0.427188015769941
2018-12-03 16:00:00,44.84942712787651,0.12165174186489305
2018-12-03 17:00:00,48.21488519849633,0.5077264229646374
2018-12-03 18:00:00,40.07891544507073,0.5989732492231667
2018-12-03 19:00:00,27.729742773665965,0.58792194623629
2018-12-03 20:00:00,20.936426847270226,0.38842066236755973
2018-12-03 21:00:00,15.624272228778668,0.16696588513516047
2018-12-03 22:00:00,11.412189695378316,0.24230130583323803
2018-12-03 23:00:00,7.265208025896911,0.18390819207646542
2018-12-04 00:00:00,3.695334077515832,0.6398794737978738
2018-12-04 01:00:00,0.8714803154753819,0.763162680831561
2018-12-04 02:00:00,0.0,0.31844631891650194
2018-12-04 03:00:00,0.0,0.4937266969408981
2018-12-04 04:00:00,0.0,0.43473453410459184
2018-12-04 05:00:00,1.627624267873857,0.30310236157744513
2018-12-04 06:00:00,11.911928772986068,0.4057390164491156
2018-12-04 07:00:00,26.850722412918298,0.40032835288298385
2018-12-04 08:00:00,37.596989542344005,0.7357663773833085
2018-12-04 09:00:00,31.341605597763056,0.4877934327910235
2018-12-04 10:00:00,19.310933486788656,0.6462949978766976
2018-12-04 11:00:00,23.75696645687814,0.42496356463531093
2018-12-04 12:00:00,28.808851745612408,0.35378806277618846
2018-12-04 13:00:00,28.808923178725156,0.5196994600004148
2018-12-04 14:00:00,28.95741844380217,0.44570187064549005
2018-12-04 15:00:00,33.50636472574789,0.9029346244876365
2018-12-04 16:00:00,45.427478249943235,0.4996101941806897
2018-12-04 17:00:00,52.468056200719104,0.6321965388344277
2018-12-04 18:00:00,45.96605044668268,0.6749511213511095
2018-12-04 19:00:00,33.43364380470397,0.6653247403134842
2018-12-04 20:00:00,19.949420085767517,0.6774074230205724
2018-12-04 21:00:00,14.255038226762172,0.707462878328019
2018-12-04 22:00:00,7.725885158918493,0.4055562539411458
2018-12-04 23:00:00,2.537388853493944,0.5396236747649708
2018-12-05 00:00:00,5.90235445082571,0.1392141441569898
2018-12-05 01:00:00,1.0113598349111932,0.33387144611915215
2018-12-05 02:00:00,0.0,0.0
2018-12-05 03:00:00,0.0,0.08875981441652
2018-12-05 04:00:00,0.0,0.08597833270154936
2018-12-05 05:00:00,0.747780216769,0.0
2018-12-05 06:00:00,10.00376058237324,0.055360304169007876
2018-12-05 07:00:00,25.355778584145018,0.05645670674622752
2018-12-05 08:00:00,36.29201788681686,0.6265075389587146
2018-12-05 09:00:00,27.185224867552733,0.13094578336749202
2018-12-05 10:00:00,20.094469958288876,0.2770847841808507
2018-12-05 11:00:00,20.733371969623498,0.07720596147114414
2018-12-05 12:00:00,24.940542002300518,0.005659851400821744
2018-12-05 13:00:00,24.4829020830012,0.14242111590218343
2018-12-05 14:00:00,25.535290080201854,0.0834932037020987
2018-12-05 15:00:00,29.043006336345872,0.39728473655739227
2018-12-05 16:00:00,40.874532203877415,0.0974374115504241
2018-12-05 17:00:00,49.92329444814655,0.45333316828682746
2018-12-05 18:00:00,42.0603616445527,0.31098995134087704
2018-12-05 19:00:00,27.168470586129857,0.6745508726643945
2018-12-05 20:00:00,22.910591848217933,0.2763687675160402
2018-12-05 21:00:00,13.70814629930387,0.25934960372634336
2018-12-05 22:00:00,8.31793806861623,0.08963357048871316
2018-12-05 23:00:00,4.032703675002235,0.1626536849166287
2018-12-06 00:00:00,5.105548675444926,0.257466225327727
2018-12-06 01:00:00,1.1757734281919103,0.4372319805222511
2018-12-06 02:00:00,0.0,0.1243679970989537
2018-12-06 03:00:00,0.0,0.2182162950783303
2018-12-06 04:00:00,0.0,0.21563276782644636
2018-12-06 05:00:00,0.0,0.11782110941225354
2018-12-06 06:00:00,9.245458996526752,0.19933783165926705
2018-12-06 07:00:00,26.401219712245968,0.20538643066622095
2018-12-06 08:00:00,36.66866914042948,0.6054167399971417
2018-12-06 09:00:00,30.775054843688473,0.6304622795946797
2018-12-06 10:00:00,19.13772270571945,0.3838134896073785
2018-12-06 11:00:00,20.996175400434723,0.21787694384502324
2018-12-06 12:00:00,26.495461974103026,0.8994650386349345
2018-12-06 13:00:00,26.01715650208588,0.4826215683961266
2018-12-06 14:00:00,27.774177144950507,0.2388640035229449
2018-12-06 15:00:00,30.590341842881756,0.49746631097025085
2018-12-06 16:00:00,39.68172043059631,0.24506586588602894
2018-12-06 17:00:00,49.84466701177874,0.5079447571463802
2018-12-06 18:00:00,45.764549556057766,0.4276305508083248
2018-12-06 19:00:00,32.0632248489055,0.6554081218082849
2018-12-06 20:00:00,21.139528778059216,0.5808813529689654
2018-12-06 21:00:00,14.475405538183187,0.3884185567790088
2018-12-06 22:00:00,9.862476325884131,0.42563511087509603
2018-12-06 23:00:00,6.0544021696845185,0.3095827881977143
2018-12-07 00:00:00,7.128541570148341,0.062397807793823194
2018-12-07 01:00:00,3.693914482940404,0.2009839996589412
2018-12-07 02:00:00,1.636045208883811,0.0
2018-12-07 03:00:00,0.0,0.01452870340396602
2018-12-07 04:00:00,0.25256630497470045,0.012259646231450538
2018-12-07 05:00:00,3.467266183831943,0.0
2018-12-07 06:00:00,12.194453474642577,0.0
2018-12-07 07:00:00,28.550520102758107,0.0
2018-12-07 08:00:00,40.00562915201921,0.5147410080847356
2018-12-07 09:00:00,32.52702385709879,0.26877353357777917
2018-12-07 10:00:00,20.040882101529196,0.13696985779859774
2018-12-07 11:00:00,21.518862107884157,0.0
2018-12-07 12:00:00,26.96762584038445,0.41070454976868936
2018-12-07 13:00:00,26.73985945766015,0.16865784049875587
2018-12-07 14:00:00,29.13143543347614,0.011575676845334983
2018-12-07 15:00:00,31.283857864322552,0.23950808785751124
2018-12-07 16:00:00,41.186783751278526,0.012717516916122204
2018-12-07 17:00:00,47.427112621224964,0.22340356680978019
2018-12-07 18:00:00,43.412302078680504,0.14908869999525864
2018-12-07 19:00:00,27.35953605064723,0.5181705596459123
2018-12-07 20:00:00,18.717857129474403,0.22436863166326007
2018-12-07 21:00:00,12.342054466831568,0.2788491103105878
2018-12-07 22:00:00,5.937273209758362,0.08013711949626277
2018-12-07 23:00:00,2.811580002052395,0.022403331531413547
2018-12-08 00:00:00,5.274655441099433,0.07661179085214281
2018-12-08 01:00:00,0.493708852028659,0.19374858022134483
2018-12-08 02:00:00,0.0,0.0
2018-12-08 03:00:00,0.0,0.034852244676898646
2018-12-08 04:00:00,0.0,0.032911959170699556
2018-12-08 05:00:00,0.0,0.0
2018-12-08 06:00:00,7.123057488587078,0.016014148101256225
2018-12-08 07:00:00,22.976953351744726,0.015928793238766545
2018-12-08 08:00:00,35.6681138286734,0.4328138711962814
2018-12-08 09:00:00,28.544230841935146,0.2682508211418965
2018-12-08 10:00:00,17.11728240393975,0.15510194610146547
2018-12-08 11:00:00,18.640355075949515,0.03697616500463985
2018-12-08 12:00:00,23.94821962322336,0.3999604541132138
2018-12-08 13:00:00,22.293322714083352,0.19247365624827345
2018-12-08 14:00:00,27.237997461893258,0.24568727185772926
2018-12-08 15:00:00,28.103229002190027,0.6146761560486328
2018-12-08 16:00:00,39.99586144829425,0.06364029066620946
2018-12-08 17:00:00,47.17656697189537,0.43822695783652216
2018-12-08 18:00:00,44.06732092415759,0.37995254068321943
2018-12-08 19:00:00,27.137406838396146,0.4765040560195391
2018-12-08 20:00:00,17.866204683489656,0.27088309348460504
2018-12-08 21:00:00,12.853103149890451,0.2811005028643078
2018-12-08 22:00:00,9.128558410451376,0.15811197699086854
2018-12-08 23:00:00,4.451417096582337,0.10408044254697865
2018-12-09 00:00:00,3.1572631801451676,0.23971939636264097
2018-12-09 01:00:00,0.0,0.15548593972518965
2018-12-09 02:00:00,0.0,0.14179735580859942
2018-12-09 03:00:00,0.0,0.017800627491709835
2018-12-09 04:00:00,0.0,0.016129690457468406
2018-12-09 05:00:00,0.30019821786750267,0.0
2018-12-09 06:00:00,9.144149604446664,0.0176469147871952
2018-12-09 07:00:00,22.87369399833583,0.01757359146120707
2018-12-09 08:00:00,31.386098094433116,0.36449897460194053
2018-12-09 09:00:00,26.24406788984775,0.21394696371702968
2018-12-09 10:00:00,20.258682185248205,0.12133675558099721
2018-12-09 11:00:00,22.10929389311108,0.014540528470525624
2018-12-09 12:00:00,28.435540529100635,0.3161661015880128
2018-12-09 13:00:00,26.328069251391735,0.1381426570256709
2018-12-09 14:00:00,27.772327333642114,0.12619450998103388
2018-12-09 15:00:00,28.285617785231537,0.7776065091600409
2018-12-09 16:00:00,37.7064187913977,0.021738118056522024
2018-12-09 17:00:00,42.79442647116671,0.31070736129600446
2018-12-09 18:00:00,39.36526203650444,0.2559868405896553
2018-12-09 19:00:00,25.777993422660625,0.3861608790477882
2018-12-09 20:00:00,17.354158380053526,0.20406358882882225
2018-12-09 21:00:00,11.861086935746492,0.21261489077857734
2018-12-09 22:00:00,8.614674612050845,0.28996660824557113
2018-12-09 23:00:00,4.003207640871255,0.06497434855289014
2018-12-10 00:00:00,1.3047735488632455,0.129869086836538
2018-12-10 01:00:00,0.0,0.09575303043117037
2018-12-10 02:00:00,0.0,0.04134314064921722
2018-12-10 03:00:00,0.0,0.0
2018-12-10 04:00:00,0.0,0.0
2018-12-10 05:00:00,0.0,0.0
2018-12-10 06:00:00,7.40448662647235,0.0
2018-12-10 07:00:00,20.643573211727194,0.0
2018-12-10 08:00:00,30.047400091622176,0.2799041970435351
2018-12-10 09:00:00,27.765375776663102,0.3332173242825664
2018-12-10 10:00:00,21.069337653190296,0.0809293537260043
2018-12-10 11:00:00,23.194469362028887,0.0
2018-12-10 12:00:00,28.45674876768747,0.2586814691063175
2018-12-10 13:00:00,27.111235814762047,0.11001749687007323
2018-12-10 14:00:00,30.527059141042365,0.10592192879583694
2018-12-10 15:00:00,33.50302401279184,0.5860859653139798
2018-12-10 16:00:00,39.471645400974595,0.01579048508479134
2018-12-10 17:00:00,46.58121703597165,0.24847422439826578
2018-12-10 18:00:00,40.09831553679574,0.20166089779889596
2018-12-10 19:00:00,28.79004141046691,0.4964601985591413
2018-12-10 20:00:00,17.908844856814213,0.34027658841230946
2018-12-10 21:00:00,13.317930437575647,0.15996502500534004
2018-12-10 22:00:00,9.49401324244566,0.1842709205860787
2018-12-10 23:00:00,4.402528655047104,0.027635069909689183
2018-12-11 00:00:00,3.390523286746704,0.018403042372203096
2018-12-11 01:00:00,0.8000984577286889,0.0
2018-12-11 02:00:00,0.0,0.0
2018-12-11 03:00:00,0.0,0.0
2018-12-11 04:00:00,0.0,0.0
2018-12-11 05:00:00,1.819078632755625,0.0
2018-12-11 06:00:00,10.33733141169905,0.0
2018-12-11 07:00:00,25.263935301510504,0.0
2018-12-11 08:00:00,36.46135138360891,0.12728633788290614
2018-12-11 09:00:00,30.82364485763282,0.13639682828557692
2018-12-11 10:00:00,20.32947482032821,0.0
2018-12-11 11:00:00,21.496659294396043,0.0
2018-12-11 12:00:00,25.571893750068345,0.4605270145592513
2018-12-11 13:00:00,24.463220102632636,0.0
2018-12-11 14:00:00,27.03404980890319,0.0
2018-12-11 15:00:00,30.318372486381957,0.38445178268707536
2018-12-11 16:00:00,40.450946927098386,0.0
2018-12-11 17:00:00,50.15823320019243,0.09533158229068528
2018-12-11 18:00:00,43.775255436402155,0.05512270711235321
2018-12-11 19:00:00,30.362808664245335,0.26086711855577727
2018-12-11 20:00:00,20.46589180047124,0.13204941877511234
2018-12-11 21:00:00,13.618803142675967,0.01416506795066197
2018-12-11 22:00:00,9.728130239801155,0.03504187360618275
2018-12-11 23:00:00,4.542122541123554,0.0
2018-12-12 00:00:00,4.259127189990851,0.0
2018-12-12 01:00:00,1.6918073502416735,0.0
2018-12-12 02:00:00,0.0,0.0
2018-12-12 03:00:00,0.0,0.0
2018-12-12 04:00:00,0.0,0.0
2018-12-12 05:00:00,3.2935966568876007,0.0
2018-12-12 06:00:00,11.417478347695713,0.0
2018-12-12 07:00:00,25.486419344970127,0.0
2018-12-12 08:00:00,38.71029815653571,0.05140244255916424
2018-12-12 09:00:00,30.702330554342915,0.05899963653436486
2018-12-12 10:00:00,20.970418598157956,0.0
2018-12-12 11:00:00,24.87275654756922,0.0
2018-12-12 12:00:00,29.078159905675196,0.2681761564550831
2018-12-12 13:00:00,26.291536952122776,0.0
2018-12-12 14:00:00,27.215287548589064,0.0
2018-12-12 15:00:00,28.468872470492215,0.24673390096422984
2018-12-12 16:00:00,38.54476515864559,0.0
2018-12-12 17:00:00,52.163017129270386,0.014365421251306958
2018-12-12 18:00:00,46.67933255758833,0.0
2018-12-12 19:00:00,30.78011145416517,0.16654603537470264
2018-12-12 20:00:00,20.470459229161605,0.0556773824582266
2018-12-12 21:00:00,14.68142482453361,0.0
2018-12-12 22:00:00,11.8616908298889,0.0
2018-12-12 23:00:00,6.151772626239611,0.0
2018-12-13 00:00:00,5.880286041356795,0.0
2018-12-13 01:00:00,2.8193920956615375,0.0
2018-12-13 02:00:00,0.8002922901647,0.0
2018-12-13 03:00:00,0.0,0.0
2018-12-13 04:00:00,0.0,0.0
2018-12-13 05:00:00,3.0232514642712682,0.0
2018-12-13 06:00:00,10.524233754985895,0.0
2018-12-13 07:00:00,27.031112675235406,0.0
2018-12-13 08:00:00,42.854536656888314,0.041503569037354346
2018-12-13 09:00:00,31.27734149507817,0.04358608358280558
2018-12-13 10:00:00,19.57787163163239,0.0
2018-12-13 11:00:00,20.01870044169246,0.0
2018-12-13 12:00:00,25.293487283102884,0.19336178341188237
2018-12-13 13:00:00,23.660752151820816,0.0
2018-12-13 14:00:00,25.46396766679651,0.0
2018-12-13 15:00:00,28.243254799919306,0.20144436042242356
2018-12-13 16:00:00,37.081089464851274,0.0
2018-12-13 17:00:00,52.117530289641905,0.0056607099231813715
2018-12-13 18:00:00,44.57902922086522,0.0
2018-12-13 19:00:00,32.00733599423902,0.14573407227019147
2018-12-13 20:00:00,21.661556146574636,0.05050683357256172
2018-12-13 21:00:00,16.886789921527132,0.0
2018-12-13 22:00:00,14.954317991012289,0.0
2018-12-13 23:00:00,8.067398152999264,0.0
2018-12-14 00:00:00,9.247306586841022,0.16384835752644744
2018-12-14 01:00:00,6.026202456172851,0.16067247699481718
2018-12-14 02:00:00,4.295590903434429,0.13993510227545705
2018-12-14 03:00:00,3.1199501531941296,0.10801392552941597
2018-12-14 04:00:00,3.1790760356765517,0.11251808751914491
2018-12-14 05:00:00,6.982479420313068,0.08675826425562225
2018-12-14 06:00:00,15.01792462591894,0.11455863923532081
2018-12-14 07:00:00,29.365467736291986,0.11371042840281136
2018-12-14 08:00:00,43.50920738864319,0.2773812888387157
2018-12-14 09:00:00,35.401794070463524,0.2838000576480862
2018-12-14 10:00:00,23.446726704138623,0.16719931589912496
2018-12-14 11:00:00,23.853269271629454,0.11696024133691968
2018-12-14 12:00:00,28.188495144636818,0.6110783437594327
2018-12-14 13:00:00,28.3436516988262,0.3588206217030898
2018-12-14 14:00:00,30.13535932274879,0.5377024568935043
2018-12-14 15:00:00,32.423422285292204,0.42935042794599054
2018-12-14 16:00:00,40.071785635380756,0.11751393653466581
2018-12-14 17:00:00,51.497831223368266,0.2556680811745371
2018-12-14 18:00:00,51.732756861037544,0.2325399314078685
2018-12-14 19:00:00,35.27112121071978,0.5490391050723346
2018-12-14 20:00:00,26.26585730589483,0.2840011685480415
2018-12-14 21:00:00,20.125285631474796,0.22168858631375948
2018-12-14 22:00:00,16.925120798288503,0.22865326611276585
2018-12-14 23:00:00,12.359180306092991,0.15317796943074208
2018-12-15 00:00:00,8.781723870775696,0.0
2018-12-15 01:00:00,6.577768978925212,0.0
2018-12-15 02:00:00,3.986882382008831,0.0
2018-12-15 03:00:00,2.9375602242607712,0.0
2018-12-15 04:00:00,3.7346073348842586,0.0
2018-12-15 05:00:00,9.163954179810828,0.0
2018-12-15 06:00:00,15.65748486688593,0.0
2018-12-15 07:00:00,29.929974290662717,0.0
2018-12-15 08:00:00,46.89268363829292,0.06255254733296838
2018-12-15 09:00:00,34.30382058877316,0.053661398066527505
2018-12-15 10:00:00,23.890917111790834,0.0
2018-12-15 11:00:00,25.928746927302512,0.0
2018-12-15 12:00:00,30.22953945288507,0.2875935425586531
2018-12-15 13:00:00,28.150261912897143,0.06555427208742812
2018-12-15 14:00:00,31.66819270717291,0.1826224220705512
2018-12-15 15:00:00,33.61686566104416,0.3570681657084698
2018-12-15 16:00:00,42.70633294765169,0.0
2018-12-15 17:00:00,52.61736816967383,0.024868242872471885
2018-12-15 18:00:00,48.28932115430333,0.010471892138355088
2018-12-15 19:00:00,34.28863748509173,0.2404273975015065
2018-12-15 20:00:00,24.386161563447395,0.054947337789140946
2018-12-15 21:00:00,19.03609819337678,0.0
2018-12-15 22:00:00,14.307817973259866,0.0
2018-12-15 23:00:00,10.972638164696384,0.0
2018-12-16 00:00:00,9.79709787287988,0.1538227776412796
2018-12-16 01:00:00,6.283520130435381,0.15019091787754452
2018-12-16 02:00:00,3.927479714094373,0.12718679081552717
2018-12-16 03:00:00,3.05926646996973,0.10351745991805346
2018-12-16 04:00:00,1.6887817626599806,0.0881407339363166
2018-12-16 05:00:00,4.652713954107471,0.06627188685665553
2018-12-16 06:00:00,10.999422589240277,0.07885250829998965
2018-12-16 07:00:00,23.783907867726594,0.07301420011005233
2018-12-16 08:00:00,35.697533409822896,0.19270842710930766
2018-12-16 09:00:00,29.140780177450473,0.19012943915841518
2018-12-16 10:00:00,23.47150821033304,0.105644060159924
2018-12-16 11:00:00,24.041914403997826,0.0632956460768234
2018-12-16 12:00:00,27.097518080205237,0.38678671249950947
2018-12-16 13:00:00,27.281637769442785,0.2017244341403684
2018-12-16 14:00:00,27.60064642004953,0.48012505090846364
2018-12-16 15:00:00,32.18617443177598,0.3992009531537668
2018-12-16 16:00:00,39.29716961953479,0.42478235633869055
2018-12-16 17:00:00,45.15732824112159,0.5276017595034955
2018-12-16 18:00:00,41.57071316362631,0.14325524175596221
2018-12-16 19:00:00,31.15692722329831,0.34076781969959663
2018-12-16 20:00:00,18.855708366285626,0.17631361308734797
2018-12-16 21:00:00,14.766823396013518,0.1169388942955105
2018-12-16 22:00:00,10.195041891690465,0.12767403795875024
2018-12-16 23:00:00,7.418154025027963,0.07340423005641117
2018-12-17 00:00:00,2.053691747655791,0.0
2018-12-17 01:00:00,0.0,0.0
2018-12-17 02:00:00,0.0,0.0
2018-12-17 03:00:00,0.0,0.0
2018-12-17 04:00:00,0.0,0.0
2018-12-17 05:00:00,2.745742987460701,0.0
2018-12-17 06:00:00,9.751063810608644,0.0
2018-12-17 07:00:00,22.83426244537204,0.0
2018-12-17 08:00:00,33.61093985678648,0.0
2018-12-17 09:00:00,27.79279137862135,0.0
2018-12-17 10:00:00,21.12525835166285,0.0
2018-12-17 11:00:00,22.07443495307573,0.0
2018-12-17 12:00:00,27.645598482346,0.1827708048443319
2018-12-17 13:00:00,25.152193540871327,0.008387336226148664
2018-12-17 14:00:00,25.200029227151674,0.2009607595008644
2018-12-17 15:00:00,29.340633278116844,0.17919364373701846
2018-12-17 16:00:00,35.58301563216577,0.11168334580056272
2018-12-17 17:00:00,42.77673119189333,0.19541236945948232
2018-12-17 18:00:00,39.456413481610056,0.0
2018-12-17 19:00:00,26.92186658793676,0.11409625760005604
2018-12-17 20:00:00,18.802858507587523,0.0
2018-12-17 21:00:00,14.896255443849313,0.0
2018-12-17 22:00:00,11.176869438877592,0.0
2018-12-17 23:00:00,7.509506401208665,0.0
2018-12-18 00:00:00,7.29684458452339,0.17340852219580927
2018-12-18 01:00:00,4.242876355815735,0.18287189222097483
2018-12-18 02:00:00,1.6448789797974213,0.16140006465488901
2018-12-18 03:00:00,0.36640944305019696,0.1387603689422851
2018-12-18 04:00:00,0.0,0.13437138428321455
2018-12-18 05:00:00,3.238747891872536,0.11341199147858409
2018-12-18 06:00:00,10.103417921829319,0.12230883152775383
2018-12-18 07:00:00,24.852622982398568,0.11628064093225102
2018-12-18 08:00:00,37.07984682051341,0.2059253888222637
2018-12-18 09:00:00,26.953195869472534,0.20722042282052286
2018-12-18 10:00:00,18.85949428022745,0.14300344295593925
2018-12-18 11:00:00,19.23037287916205,0.11006390844925722
2018-12-18 12:00:00,21.540152971987673,0.3561910587895643
2018-12-18 13:00:00,22.70207282110574,1.138191985310633
2018-12-18 14:00:00,23.497296262488366,0.5851551185683733
2018-12-18 15:00:00,27.94079560189794,0.3830186993099365
2018-12-18 16:00:00,36.88489114752742,0.32525272874651534
2018-12-18 17:00:00,45.40094211471613,0.3876105850110446
2018-12-18 18:00:00,42.403116917672634,0.16682630440824625
2018-12-18 19:00:00,27.992071148055114,0.49676194376852834
2018-12-18 20:00:00,18.42850788446404,0.18680203373084872
2018-12-18 21:00:00,12.098324872470759,0.14583878957375604
2018-12-18 22:00:00,6.7743719654372105,0.1491160615325749
2018-12-18 23:00:00,3.4078322814207813,0.10006344811370751
2018-12-19 00:00:00,4.401846547090635,0.02612321015943333
2018-12-19 01:00:00,0.0,0.01785818400622518
2018-12-19 02:00:00,0.0,0.007419670794329437
2018-12-19 03:00:00,0.0,0.0
2018-12-19 04:00:00,0.0,0.0
2018-12-19 05:00:00,0.30183658006679037,0.0
2018-12-19 06:00:00,8.173180494833732,0.0
2018-12-19 07:00:00,22.218782597576908,0.0
2018-12-19 08:00:00,35.97519393330964,0.07144111019776307
2018-12-19 09:00:00,26.663254981595088,0.08255370747941682
2018-12-19 10:00:00,17.834246175863278,0.028508357122144935
2018-12-19 11:00:00,18.45721103627372,0.01040207032154899
2018-12-19 12:00:00,23.779575440802823,0.22640233914896724
2018-12-19 13:00:00,25.245035631094062,0.7019155943880626
2018-12-19 14:00:00,26.58699310367242,0.38950303008493686
2018-12-19 15:00:00,28.052898296234375,0.2633485667743687
2018-12-19 16:00:00,36.81293894124144,0.21906368858149014
2018-12-19 17:00:00,47.637553229059066,0.2774455718859402
2018-12-19 18:00:00,44.53609762007574,0.09269752348008241
2018-12-19 19:00:00,30.16225254591404,0.33369485090478024
2018-12-19 20:00:00,21.138252991094156,0.4809122788091682
2018-12-19 21:00:00,15.177331970921333,0.08485705847406197
2018-12-19 22:00:00,11.976427301144124,0.09304084477010163
2018-12-19 23:00:00,8.447738570377513,0.0555386567512268
2018-12-20 00:00:00,4.051570839761695,0.011391534399548778
2018-12-20 01:00:00,2.0665962292653255,0.007145339886821672
2018-12-20 02:00:00,0.9071834310397495,0.0
2018-12-20 03:00:00,0.0,0.0
2018-12-20 04:00:00,0.24773382528351462,0.0
2018-12-20 05:00:00,4.5275375172477474,0.0
2018-12-20 06:00:00,12.159064923683921,0.0
2018-12-20 07:00:00,26.9409900509014,0.0
2018-12-20 08:00:00,40.905514334340815,0.04168996025820451
2018-12-20 09:00:00,28.63388683565217,0.04104866668155753
2018-12-20 10:00:00,20.706859048078318,0.0
2018-12-20 11:00:00,23.537209669042888,0.0
2018-12-20 12:00:00,25.21500119834847,0.16396794082727323
2018-12-20 13:00:00,26.601433460431213,0.5513205480199735
2018-12-20 14:00:00,27.811709779848602,0.2885393954129152
2018-12-20 15:00:00,30.252844098133433,0.3533975292331709
2018-12-20 16:00:00,39.29928173598767,0.1319540108726266
2018-12-20 17:00:00,48.86241587481341,0.18635635705572284
2018-12-20 18:00:00,46.364412908864125,0.21615648392419917
2018-12-20 19:00:00,32.66602765483507,0.2398937805876869
2018-12-20 20:00:00,22.36955499143948,0.2871867657080659
2018-12-20 21:00:00,18.684672745247795,0.04610659579615921
2018-12-20 22:00:00,15.370432482703944,0.052879346919550645
2018-12-20 23:00:00,12.51737061634748,0.03563428110141028
2018-12-21 00:00:00,7.5873089320701315,0.0
2018-12-21 01:00:00,7.000954226369764,0.0
2018-12-21 02:00:00,5.835263899639314,0.0
2018-12-21 03:00:00,6.139421608460825,0.0
2018-12-21 04:00:00,6.708075777927441,0.0
2018-12-21 05:00:00,11.946982358787565,0.0
2018-12-21 06:00:00,19.721783625392945,0.0
2018-12-21 07:00:00,33.864197804057824,0.0
2018-12-21 08:00:00,48.49563279686791,0.0
2018-12-21 09:00:00,39.3406939757719,0.0
2018-12-21 10:00:00,29.214316920565814,0.0
2018-12-21 11:00:00,28.05707511869405,0.0
2018-12-21 12:00:00,29.61459686615565,0.06058159516446954
2018-12-21 13:00:00,32.00864695809016,0.3994469528787816
2018-12-21 14:00:00,30.844612592054425,0.15804268169071928
2018-12-21 15:00:00,32.98199472144198,0.17648819537296936
2018-12-21 16:00:00,40.36045367203771,0.025672414055319587
2018-12-21 17:00:00,47.21851037477052,0.07046714166863192
2018-12-21 18:00:00,45.8317249931382,0.053540896274897644
2018-12-21 19:00:00,32.288944975433445,0.11611207825626105
2018-12-21 20:00:00,24.40411086802102,0.15654148576741972
2018-12-21 21:00:00,20.129722150241868,0.0
2018-12-21 22:00:00,16.39500891181196,0.0
2018-12-21 23:00:00,12.273568979842246,0.0
2018-12-22 00:00:00,10.568222144740588,0.0
2018-12-22 01:00:00,6.71423273423811,0.0
2018-12-22 02:00:00,5.834414174944447,0.0
2018-12-22 03:00:00,5.050644732125377,0.0
2018-12-22 04:00:00,4.739468101069944,0.0
2018-12-22 05:00:00,7.871091453205079,0.0
2018-12-22 06:00:00,14.21623614328675,0.0
2018-12-22 07:00:00,25.800488308807566,0.0
2018-12-22 08:00:00,36.267853367279,0.0
2018-12-22 09:00:00,27.310047459670145,0.0
2018-12-22 10:00:00,18.969973191380873,0.0
2018-12-22 11:00:00,19.710280064884593,0.0
2018-12-22 12:00:00,22.50561158687336,0.0
2018-12-22 13:00:00,22.319237337750582,0.23006031510765895
2018-12-22 14:00:00,24.412681932977325,0.0388371804171521
2018-12-22 15:00:00,27.1792477348616,0.05447661230570204
2018-12-22 16:00:00,35.155680306373775,0.0
2018-12-22 17:00:00,41.67706412127805,0.0
2018-12-22 18:00:00,41.625926010791005,0.0
2018-12-22 19:00:00,27.933350963518027,0.0028600388339141206
2018-12-22 20:00:00,19.687711088597304,0.03225286520419534
2018-12-22 21:00:00,14.491218932025347,0.0
2018-12-22 22:00:00,11.081335828621283,0.0
2018-12-22 23:00:00,8.728738858353543,0.0
2018-12-23 00:00:00,4.011972002709238,0.0
2018-12-23 01:00:00,0.15838219585564728,0.0
2018-12-23 02:00:00,0.0,0.0
2018-12-23 03:00:00,0.0,0.0
2018-12-23 04:00:00,0.0,0.0
2018-12-23 05:00:00,1.9887886470265275,0.0
2018-12-23 06:00:00,8.04103753108527,0.0
2018-12-23 07:00:00,20.270970203502905,0.0
2018-12-23 08:00:00,32.49824381207266,0.0
2018-12-23 09:00:00,26.489202800275503,0.0
2018-12-23 10:00:00,20.53520809781202,0.0
2018-12-23 11:00:00,21.933310621399922,0.0
2018-12-23 12:00:00,24.185736695830403,0.0
2018-12-23 13:00:00,27.470901736115362,0.24884684701108473
2018-12-23 14:00:00,27.95932914790691,0.08394971008474386
2018-12-23 15:00:00,30.40539015750718,0.09738339239932858
2018-12-23 16:00:00,33.27465601944162,0.0
2018-12-23 17:00:00,41.7238924439298,0.014899795627245388
2018-12-23 18:00:00,38.29456667509241,0.0
2018-12-23 19:00:00,27.103876978468044,0.038829741953839675
2018-12-23 20:00:00,18.818202924084847,0.06963187614214948
2018-12-23 21:00:00,14.17555095278403,0.0
2018-12-23 22:00:00,10.64919379179151,0.0
2018-12-23 23:00:00,8.179407161285507,0.0
2018-12-24 00:00:00,0.3595030650962596,0.0
2018-12-24 01:00:00,0.0,0.0
2018-12-24 02:00:00,0.0,0.0
2018-12-24 03:00:00,0.0,0.0
2018-12-24 04:00:00,0.0,0.0
2018-12-24 05:00:00,1.7244313369877382,0.0
2018-12-24 06:00:00,8.125191610965434,0.0
2018-12-24 07:00:00,20.284880492956454,0.0
2018-12-24 08:00:00,32.120343485606604,0.0
2018-12-24 09:00:00,25.033297810246626,0.0
2018-12-24 10:00:00,18.066162513572117,0.0
2018-12-24 11:00:00,21.57730264734874,0.0
2018-12-24 12:00:00,25.582799591712217,0.004553646357622725
2018-12-24 13:00:00,25.350129366707886,0.22486913118715876
2018-12-24 14:00:00,28.128074825379286,0.07346148000669656
2018-12-24 15:00:00,26.842599526722065,0.08503176305847088
2018-12-24 16:00:00,32.650020533163016,0.0
2018-12-24 17:00:00,39.728315091200926,0.014372191357846939
2018-12-24 18:00:00,37.93521813192511,0.005432914010436177
2018-12-24 19:00:00,26.065927405515897,0.03441750231860572
2018-12-24 20:00:00,19.307296948956303,0.06064942409469674
2018-12-24 21:00:00,11.81728872168162,0.0
2018-12-24 22:00:00,8.979883731167341,0.0
2018-12-24 23:00:00,5.641704797709586,0.0
2018-12-25 00:00:00,1.2804209629164844,0.25849796824839905
2018-12-25 01:00:00,0.0,0.28486496244218823
2018-12-25 02:00:00,0.0,0.2806055105055882
2018-12-25 03:00:00,0.0,0.270817042384978
2018-12-25 04:00:00,0.0,0.2714082935725595
2018-12-25 05:00:00,1.0841606962058745,0.260169773640593
2018-12-25 06:00:00,6.810339662207816,0.2652492086999589
2018-12-25 07:00:00,18.452837670518438,0.2666760856573126
2018-12-25 08:00:00,28.867120271897342,0.2995807749003269
2018-12-25 09:00:00,24.346248565193193,0.3103129095523086
2018-12-25 10:00:00,16.990173303517423,0.2937228306194717
2018-12-25 11:00:00,19.54962337698658,0.2948499526544825
2018-12-25 12:00:00,24.20852377231976,0.5590641350300454
2018-12-25 13:00:00,23.329275795566016,1.476484209369398
2018-12-25 14:00:00,24.673265972674734,0.7918768836686462
2018-12-25 15:00:00,25.693992111492218,0.8017816507680308
2018-12-25 16:00:00,30.101663220019393,0.3491675286502173
2018-12-25 17:00:00,37.37702043340123,0.3693321776431056
2018-12-25 18:00:00,34.554537357816564,0.35594397639335856
2018-12-25 19:00:00,24.824584717224436,0.3972829674403157
2018-12-25 20:00:00,17.438071829202094,0.414482638841368
2018-12-25 21:00:00,10.962981071214513,0.29039274626611117
2018-12-25 22:00:00,7.453470635835999,0.2882446349830077
2018-12-25 23:00:00,4.902991334888485,0.2738622719876977
2018-12-26 00:00:00,0.2912131294031197,0.0
2018-12-26 01:00:00,0.0,0.0
2018-12-26 02:00:00,0.0,0.0
2018-12-26 03:00:00,0.0,0.0
2018-12-26 04:00:00,0.0,0.0
2018-12-26 05:00:00,0.8397849439789188,0.0
2018-12-26 06:00:00,6.776970678880845,0.0
2018-12-26 07:00:00,18.15467036068121,0.0
2018-12-26 08:00:00,28.484180015841673,0.0
2018-12-26 09:00:00,22.415050871135897,0.0
2018-12-26 10:00:00,15.948578901695504,0.0
2018-12-26 11:00:00,18.21987515626286,0.0
2018-12-26 12:00:00,23.614286891594976,0.0969544423866115
2018-12-26 13:00:00,23.894421320714333,0.7210424257506836
2018-12-26 14:00:00,24.908001148204377,0.2703063907306569
2018-12-26 15:00:00,27.12319551717256,0.2788151287080633
2018-12-26 16:00:00,33.0320662462586,0.0
2018-12-26 17:00:00,37.17041867627317,0.0
2018-12-26 18:00:00,34.4829276043517,0.0
2018-12-26 19:00:00,23.665969820331973,0.010091942388593983
2018-12-26 20:00:00,16.271264069102223,0.025089703471724265
2018-12-26 21:00:00,11.572044820002787,0.0
2018-12-26 22:00:00,9.298352005258797,0.0
2018-12-26 23:00:00,6.274379958150119,0.0
2018-12-27 00:00:00,6.490210080596887,0.0
2018-12-27 01:00:00,3.8513467076388146,0.0
2018-12-27 02:00:00,2.5368021973399144,0.0
2018-12-27 03:00:00,1.8296503796265222,0.0
2018-12-27 04:00:00,2.518263629137869,0.0
2018-12-27 05:00:00,5.3866481387013225,0.0
2018-12-27 06:00:00,9.563671655945054,0.0
2018-12-27 07:00:00,20.656922627063047,0.0
2018-12-27 08:00:00,31.72992275551681,0.0
2018-12-27 09:00:00,26.33285590742311,0.0
2018-12-27 10:00:00,21.735824966906097,0.0
2018-12-27 11:00:00,19.91345705771219,0.0
2018-12-27 12:00:00,24.04059299795936,0.11569710692234318
2018-12-27 13:00:00,25.811057518771634,0.6515193699843652
2018-12-27 14:00:00,27.182379148979024,0.2541498804615595
2018-12-27 15:00:00,27.647846956118574,0.4446717804533058
2018-12-27 16:00:00,31.379175448339247,0.0
2018-12-27 17:00:00,38.22338536880586,0.008847025067224304
2018-12-27 18:00:00,36.24181902131241,0.004330402663478769
2018-12-27 19:00:00,25.201601439606005,0.030871267619845218
2018-12-27 20:00:00,17.133598219005165,0.04908457137255844
2018-12-27 21:00:00,12.68128534568697,0.0
2018-12-27 22:00:00,10.689356483842193,0.0
2018-12-27 23:00:00,8.898228373268871,0.0
2018-12-28 00:00:00,3.331808486594854,0.0
2018-12-28 01:00:00,1.553611223045436,0.0
2018-12-28 02:00:00,2.015516406927041,0.0
2018-12-28 03:00:00,1.5568700844831183,0.0
2018-12-28 04:00:00,1.5262735294685896,0.0
2018-12-28 05:00:00,5.341162400951609,0.0
2018-12-28 06:00:00,11.072815195633549,0.0
2018-12-28 07:00:00,23.128182994627423,0.0
2018-12-28 08:00:00,34.89826017242306,0.0
2018-12-28 09:00:00,28.50371766218973,0.0
2018-12-28 10:00:00,24.44188112871524,0.0
2018-12-28 11:00:00,23.44111402503099,0.0
2018-12-28 12:00:00,28.029942216018483,0.08302995757358062
2018-12-28 13:00:00,28.613826704899353,0.5386096703992219
2018-12-28 14:00:00,31.880911488884298,0.21185070099823133
2018-12-28 15:00:00,34.52839479843928,0.33780352670434893
2018-12-28 16:00:00,38.22512540924496,0.017697481168019835
2018-12-28 17:00:00,47.837875608756,0.04620267667081612
2018-12-28 18:00:00,44.87066555709749,0.03667730541608406
2018-12-28 19:00:00,32.711165691260504,0.059137726651738984
2018-12-28 20:00:00,25.517646547172742,0.07455685753266447
2018-12-28 21:00:00,20.16074351386616,0.0
2018-12-28 22:00:00,17.452153802752765,0.0
2018-12-28 23:00:00,13.736040663843276,0.0
2018-12-29 00:00:00,2.751719555402193,0.0
2018-12-29 01:00:00,2.1101884739614043,0.0
2018-12-29 02:00:00,2.8912724073527114,0.0
2018-12-29 03:00:00,3.4127598061600084,0.0
2018-12-29 04:00:00,3.48235481005789,0.0
2018-12-29 05:00:00,6.723136277549204,0.0
2018-12-29 06:00:00,12.131172946783135,0.0
2018-12-29 07:00:00,22.473492290427217,0.0
2018-12-29 08:00:00,32.89561098662423,0.0
2018-12-29 09:00:00,26.12055052618029,0.0
2018-12-29 10:00:00,20.00289441953118,0.0
2018-12-29 11:00:00,20.857759206254762,0.0
2018-12-29 12:00:00,23.869159533793393,0.017176386279338762
2018-12-29 13:00:00,25.73353119374593,0.40355403193742756
2018-12-29 14:00:00,24.93256418787313,0.10282973406921213
2018-12-29 15:00:00,27.460559969260785,0.21623688726643597
2018-12-29 16:00:00,29.674735199073478,0.0
2018-12-29 17:00:00,36.619769148372924,0.0
2018-12-29 18:00:00,34.45305654221765,0.0
2018-12-29 19:00:00,27.212619564616578,0.0
2018-12-29 20:00:00,17.89822484606038,0.0
2018-12-29 21:00:00,11.894419760490113,0.0
2018-12-29 22:00:00,10.640774226643975,0.0
2018-12-29 23:00:00,6.077252056290862,0.0
2018-12-30 00:00:00,4.944369511857644,0.0
2018-12-30 01:00:00,2.3421412305845246,0.0
2018-12-30 02:00:00,0.0,0.0
2018-12-30 03:00:00,0.0,0.0
2018-12-30 04:00:00,0.0,0.0
2018-12-30 05:00:00,2.1424834906558754,0.0
2018-12-30 06:00:00,6.622619583085228,0.0
2018-12-30 07:00:00,16.242097153832955,0.0
2018-12-30 08:00:00,27.379460959976505,0.0
2018-12-30 09:00:00,21.746968388094295,0.0
2018-12-30 10:00:00,16.942173797918954,0.0
2018-12-30 11:00:00,18.687440588244815,0.0
2018-12-30 12:00:00,23.163332237208124,0.0
2018-12-30 13:00:00,23.847377572090597,0.30976865819683524
2018-12-30 14:00:00,24.60471659904314,0.06206530615797184
2018-12-30 15:00:00,24.661353083163245,0.14939104999365949
2018-12-30 16:00:00,26.83613180807759,0.0
2018-12-30 17:00:00,33.98365867663228,0.0
2018-12-30 18:00:00,31.57892578089332,0.0
2018-12-30 19:00:00,24.293882977699386,0.0
2018-12-30 20:00:00,16.78775758726423,0.0
2018-12-30 21:00:00,11.864988603873512,0.0
2018-12-30 22:00:00,10.156620540430275,0.0
2018-12-30 23:00:00,6.267546643323444,0.0
2018-12-31 00:00:00,0.680312896880094,0.0
